CC,Tienda, ADT 15-Ago , ADT 16-Ago , ADT 17-Ago ," USD 
Unicornio Frappuccino ", USD Cake Pop Unicornio 
38101,Angel, 384 , 401 , 404 , 28 , 13 
38103,Aguilas, 272 , 247 , 348 , 32 , 14 
38104,Olivar, 225 , 217 , 194 , 36 , 13 
38106,Prado Norte, 197 , 161 , 321 , 12 , 6 
38107,Pedregal, 199 , 187 , 207 , 12 , 6 
38108,Campos Eliseos, 195 , 181 , 275 , 27 , 10 
38109,Wtc, 352 , 227 , 446 , 39 , 15 
38111,Masarik , 481 , 453 , 415 , 36 , 15 
38112,Insurgentes Parroquia, 170 , 107 , 290 , 17 , 7 
38113,Juan Pablo II, 195 , 161 , 321 , 40 , 15 
38114,Miramontes, 346 , 330 , 284 , 47 , 18 
38115,Zona Azul, 203 , 177 , 197 , 18 , 9 
38116,Santa Teresa, 351 , 298 , 303 , 48 , 19 
38117,Satelite , 240 , 157 , 199 , 21 , 9 
38118,Corporativo Polanco, 265 , 212 , 566 , 50 , 19 
38119,Lomas Verdes , 344 , 225 , 361 , 38 , 15 
38121,Herradura, 289 , 277 , 294 , 31 , 14 
38122,Santa Fe, 173 , 114 , 227 , 19 , 7 
38123,Plaza Alameda, 498 , 320 , 432 , 73 , 26 
38124,San Jeronimo, 220 , 183 , 217 , 25 , 10 
38126,Interlomas, 252 , 252 , 288 , 18 , 8 
38128,Condesa , 248 , 196 , 342 , 34 , 13 
38129,Plaza Santa Teresa, 264 , 188 , 290 , 26 , 11 
38131,Tepepan, 467 , 397 , 430 , 56 , 22 
38133,Vista Hermosa Cuernavaca, 317 , 224 , 371 , 41 , 17 
38134,Pilares, 828 , 662 , 716 , 99 , 39 
38136,Punta Norte, 457 , 455 , 222 , 68 , 26 
38137,Midtown Jalisco PA, 501 , 490 , 433 , 62 , 27 
38138,Galerias metepec 1, 680 , 589 , 420 , 97 , 38 
38139,Plaza Inn, 231 , 75 , 464 , 23 , 9 
38141,Plaza Mayor Metepec , 176 , 133 , 194 , 25 , 10 
38142,Zona Esmeralda, 297 , 210 , 257 , 29 , 14 
38143,Americas, 284 , 206 , 306 , 27 , 11 
38144,Minerva, 958 , 751 , 864 , 125 , 50 
38146,Puebla Mazarik Plaza, 259 , 213 , 339 , 32 , 13 
38147,Puebla Las Animas, 430 , 344 , 463 , 49 , 20 
38148,Centro Comercial Santa Fe 1, 448 , 384 , 289 , 37 , 17 
38149,Bellavista, 278 , 233 , 284 , 35 , 15 
38150,Santa Fe 2, 66 , 54 , 214 , 17 , 6 
38151,Aeropuerto II Sala Bravo, 530 , 534 , 571 , 45 , 18 
38152,Insurgentes Relox, 242 , 178 , 405 , 60 , 22 
38153,Centro Magno, 428 , 320 , 395 , 54 , 22 
38154,Gran Plaza Guadalajara, 632 , 624 , 517 , 62 , 27 
38155,16 de Septiembre, 453 , 274 , 398 , 59 , 23 
38157,Angelopolis, 680 , 576 , 469 , 112 , 43 
38158,Plaza Lilas, 162 , 95 , 261 , 12 , 5 
38159,Bugambilias, 384 , 349 , 321 , 32 , 14 
38161,Aeropuerto Guadalajara C30," 1,240 "," 1,293 "," 1,246 ", 76 , 41 
38162,Patria y Acueducto , 505 , 442 , 610 , 51 , 25 
38163,Juarez Puebla, 544 , 320 , 625 , 97 , 39 
38164,Galerias Cuernavaca, 447 , 427 , 343 , 65 , 25 
38165,Aeropuerto llegadas internacionales, 696 , 667 , 669 , 80 , 35 
38166,Superama SantaFe, 245 , 250 , 249 , 19 , 8 
38167,Aeropuerto Dufry, 665 , 695 , 665 , 34 , 20 
38169,Altavista, 219 , 183 , 236 , 16 , 8 
38171,Aeropuerto Internacional II, 227 , 237 , 277 , 20 , 9 
38170,Mariano Otero, 836 , 674 , 730 , 95 , 38 
38172,Gran Sur, 469 , 411 , 408 , 66 , 25 
38173,Plaza Delta Planta Alta, 555 , 479 , 359 , 83 , 31 
38174,Triangulo, 377 , 305 , 362 , 52 , 19 
38176,Periferico Satélite DT, 537 , 412 , 489 , 71 , 31 
38177,Valle Real , 333 , 339 , 304 , 27 , 12 
38178,Gomez Morin, 570 , 451 , 614 , 12 , 10 
38182,Aeropuerto D8, 411 , 314 , 329 , 27 , 12 
38180,Plaza San Pedro, 393 , 339 , 305 , 44 , 14 
38183,Cholula, 286 , 250 , 278 , 49 , 16 
38185,Magnocentro, 295 , 212 , 280 , 22 , 11 
38184,Valle 401, 346 , 261 , 368 , 18 , 8 
38186,Arboledas, 301 , 268 , 262 , 40 , 17 
38187,Nuevo Leon DT, 601 , 404 , 602 , 59 , 23 
38188,Palmas, 195 , 121 , 398 , 30 , 12 
38189,Santa Fe Imax, 144 , 101 , 557 , 14 , 6 
38190,Costa Azul, 757 , 665 , 645 , 147 , 59 
38191,Masarik Spencer, 388 , 377 , 573 , 37 , 15 
38192,Galerias Diana, 496 , 445 , 354 , 82 , 33 
38193,Metropoli Patriotismo, 459 , 387 , 507 , 51 , 20 
38194,Antara , 410 , 380 , 469 , 53 , 22 
38197,Echegaray, 405 , 326 , 410 , 57 , 22 
38195,Chapultepec, 802 , 542 , 656 , 99 , 38 
38196,Galerias Mty, 650 , 587 , 395 , 67 , 33 
38203,Embassy Suites, 314 , 219 , 310 , 32 , 13 
38199,Cumbres, 767 , 601 , 662 , 65 , 28 
38201,Galerias Valle Oriente Mty, 414 , 369 , 215 , 27 , 13 
38205,Lindavista, 578 , 453 , 465 , 87 , 33 
38204,Plaza Hollywood Can, 442 , 292 , 419 , 106 , 38 
38207,Lindavista II, 323 , 301 , 222 , 77 , 29 
38206,Aeropuerto Vallarta, 613 , 661 , 560 , 44 , 26 
38208,Miguel Angel de Quevedo II, 252 , 174 , 258 , 25 , 9 
38219,Irrigacion, 444 , 422 , 396 , 61 , 24 
38209,Paseo del  Carmen , 369 , 380 , 305 , 58 , 23 
38210,Plaza Peninsula, 321 , 263 , 297 , 34 , 15 
38211,Plaza Caracol, 167 , 156 , 168 , 27 , 11 
38212,La Isla II, 364 , 372 , 293 , 57 , 26 
38213,Landmark, 291 , 303 , 334 , 31 , 15 
38214,Paseo Cancun, 579 , 491 , 431 , 93 , 36 
38215,Apto Sala Internacional después de filtros , 462 , 482 , 501 , 37 , 20 
38217,Playa Basico, 328 , 303 , 253 , 44 , 19 
38218,Las Fuentes, 686 , 598 , 560 , 96 , 38 
38220,Obelisco, 296 , 329 , 389 , 40 , 15 
38222,Domingo Diez, 292 , 212 , 277 , 29 , 12 
38221,Jardines Vallarta, 439 , 348 , 423 , 36 , 15 
38225,Centro Comercial Santa Fe 2, 442 , 402 , 335 , 32 , 14 
38223,Vasconcelos, 320 , 277 , 324 , 32 , 14 
38224,Revolucion, 326 , 269 , 301 , 19 , 10 
38226,Via kiosko 515, 389 , 345 , 424 , 73 , 28 
38228,Terranova, 346 , 254 , 370 , 35 , 14 
38229,Zona Financiera, 214 , 164 , 265 , 25 , 10 
38233,Toluca Colon, 396 , 283 , 443 , 73 , 27 
38231,Aeropuerto Cancun T3 Pa , 713 , 721 , 698 , 12 , 24 
38232,Aeropuerto Cancun T3 Pb, 265 , 278 , 279 , 36 , 17 
38234,Fiesta Americana Reforma, 299 , 211 , 283 , 26 , 10 
38236,Morelia Campestre, 581 , 518 , 502 , 90 , 39 
38239,Miguel Angel de Quevedo III, 292 , 229 , 294 , 27 , 11 
38237,Plaza del Sol, 475 , 400 , 442 , 60 , 25 
38238,Plaza Cumbres, 696 , 610 , 379 , 64 , 29 
38250,Galerias Queretaro, 406 , 353 , 258 , 80 , 32 
38241,Galerias Guadalajara II, 495 , 462 , 306 , 53 , 25 
38242,Malecon Vallarta, 288 , 275 , 265 , 32 , 14 
38243,Paseo de los Heroes, 191 , 144 , 267 , 14 , 7 
38244,Plaza Fiesta San Agustin  , 527 , 447 , 476 , 52 , 22 
38245,Plaza Zenttro, 214 , 129 , 222 , 17 , 8 
38246,Las Americas, 669 , 587 , 598 , 85 , 39 
38247,Plaza Mayor, 577 , 498 , 309 , 70 , 28 
38248,Hotel La Quinta, 575 , 477 , 534 , 86 , 37 
38249,La Calma, 257 , 233 , 224 , 29 , 12 
38260,Tlacoquemecatl, 281 , 277 , 338 , 23 , 12 
38251,Las Torres Leon, 368 , 340 , 335 , 27 , 13 
38252,Plaza Rio, 471 , 413 , 359 , 53 , 24 
38254,Plaza Real, 940 , 837 , 865 , 106 , 45 
38255,Plaza Divina, 403 , 331 , 469 , 59 , 23 
38257,Playa Tides, 186 , 160 , 146 , 19 , 9 
38258,Garza Sada, 330 , 286 , 292 , 31 , 15 
38259,Punta Langosta, 225 , 149 , 281 , 43 , 19 
38264,Zapata, 247 , 223 , 262 , 27 , 11 
38262,Centro Max, 449 , 369 , 359 , 54 , 22 
38263,Via Vergel Mty, 385 , 325 , 385 , 24 , 13 
38266,San Mateo, 261 , 207 , 298 , 52 , 22 
38265,Ensenada Malecon, 411 , 390 , 339 , 45 , 21 
38268,Plaza Boulevares, 232 , 174 , 268 , 45 , 17 
38267,Gran Plaza DT, 458 , 336 , 527 , 75 , 28 
38270,Lomas Verdes II, 308 , 289 , 213 , 39 , 16 
38272,Londres, 441 , 327 , 481 , 58 , 22 
38271,Plaza Centenario, 211 , 169 , 221 , 28 , 11 
38279,Tezontle ll, 393 , 386 , 243 , 74 , 28 
38273,Colosio, 635 , 521 , 597 , 85 , 38 
38274,Salinas, 317 , 221 , 314 , 20 , 10 
38275,Altaria, 620 , 553 , 401 , 90 , 38 
38276,Paseo de los Leones, 808 , 723 , 718 , 96 , 39 
38277,Playas de Tijuana, 747 , 672 , 621 , 104 , 46 
38280,Olas Diamante, 623 , 598 , 564 , 137 , 55 
38285,Reforma 222, 358 , 189 , 332 , 45 , 16 
38282,Cimaco, 521 , 453 , 396 , 62 , 28 
38283,Citadel, 352 , 373 , 234 , 47 , 18 
38286,Los Arcos Queretaro, 326 , 243 , 303 , 41 , 17 
38289,Tezontle l, 539 , 463 , 355 , 110 , 40 
38287,ITESO, 525 , 496 , 524 , 84 , 33 
38288,Galerias Vallarta, 469 , 499 , 429 , 97 , 40 
38291,Reforma 222 II, 469 , 352 , 424 , 40 , 17 
38290,Cordilleras, 758 , 659 , 815 , 66 , 29 
38292,Jesús del Monte, 293 , 225 , 350 , 23 , 11 
38295,Campestre Queretaro, 408 , 338 , 368 , 51 , 21 
38297,T2 Salida Internacional, 607 , 720 , 735 , 44 , 23 
38296,Altabrisa, 540 , 476 , 392 , 74 , 29 
38298,T2 Salida Nacional, 816 ," 1,020 "," 1,059 ", 77 , 36 
38299,T2 Llegadas, 571 , 546 , 688 , 51 , 24 
38305,Centro San Miguel de Allende , 514 , 516 , 370 , 47 , 26 
38300,El campestre Cd Juarez, 554 , 384 , 482 , 82 , 35 
38302,Himalaya, 316 , 268 , 327 , 25 , 11 
38303,Plaza Fiesta San Agustin Int, 365 , 340 , 240 , 14 , 8 
38304,Copernico, 406 , 313 , 400 , 36 , 16 
38309,Morelia Camelinas, 593 , 496 , 589 , 97 , 42 
38306,Irapuato 1, 577 , 461 , 487 , 49 , 22 
38307,Plaza Lienzo Mexicalli, 301 , 237 , 349 , 27 , 12 
38310,La Rosita, 538 , 424 , 513 , 56 , 27 
38311,Lomas SLP, 298 , 215 , 276 , 38 , 14 
38315,Celaya Lopez Mateos , 509 , 433 , 533 , 110 , 45 
38313,Constitucion, 592 , 388 , 657 , 61 , 25 
38314,Tecos, 552 , 425 , 618 , 50 , 22 
38319,Tecnologico Metepec, 418 , 375 , 440 , 49 , 20 
38316,Paseo del Triunfo de la Republica, 649 , 511 , 637 , 123 , 59 
38317,Playacar, 140 , 135 , 160 , 27 , 11 
38318,Garcia Salinas, 609 , 551 , 596 , 125 , 52 
38333,Izcalli Mega, 496 , 404 , 492 , 99 , 38 
38320,Cualiacan Tres Rios, 520 , 376 , 487 , 55 , 23 
38321,Periferico de la Juventud, 625 , 461 , 573 , 97 , 38 
38322,MM Garza Sada, 309 , 227 , 311 , 35 , 15 
38323,Forum Culiacan, 435 , 367 , 238 , 33 , 17 
38324,Epicentra DT, 521 , 431 , 542 , 69 , 30 
38325,Plaza del Sol CHI, 377 , 368 , 225 , 38 , 17 
38326,Galerias del Valle Mexicalli, 285 , 280 , 190 , 44 , 19 
38328,Circuito Colonias , 540 , 387 , 501 , 118 , 45 
38329,Las Misiones, 831 , 689 , 724 , 154 , 63 
38330,Guadalupe, 755 , 709 , 646 , 82 , 33 
38331,Rodriguez, 302 , 193 , 306 , 29 , 13 
38339,San Marcos, 435 , 404 , 451 , 103 , 38 
38334,Mazatlan Lomas, 258 , 230 , 270 , 19 , 10 
38335,Asuncion AGS, 495 , 411 , 495 , 106 , 40 
38336,Anahuac, 896 , 766 , 769 , 111 , 45 
38337,Centro Zacatecas, 300 , 292 , 271 , 42 , 20 
38338,Manzanillo Blvb Madrid, 578 , 538 , 516 , 74 , 34 
38340,Division del Norte, 307 , 260 , 316 , 43 , 17 
38344,Parques Polanco, 406 , 401 , 459 , 48 , 19 
38341,Ortiz Mena, 210 , 156 , 247 , 25 , 10 
38342,Churubusco, 585 , 471 , 507 , 79 , 31 
38348,Paseo Tabasco, 280 , 224 , 319 , 31 , 12 
38345,Colima Sevilla , 509 , 428 , 498 , 56 , 24 
38346,Paradise Plaza, 362 , 341 , 374 , 38 , 19 
38351,Ciudad Jardin l, 746 , 653 , 588 , 184 , 68 
38357,Galerias Pachuca , 576 , 483 , 414 , 95 , 37 
38350,Marina Los Cabos, 370 , 457 , 342 , 49 , 24 
38358,Pachuca San Javier DT, 712 , 513 , 739 , 121 , 49 
38352,Forum Tepic, 454 , 458 , 318 , 57 , 27 
38353,HidalgoTampico, 838 , 713 , 784 , 145 , 60 
38354,Bonampak 77, 570 , 492 , 629 , 33 , 21 
38355,Centro Guanajuato, 307 , 316 , 296 , 42 , 19 
38356,Andares , 648 , 648 , 602 , 60 , 31 
38360,Plaza la Hacienda, 390 , 312 , 311 , 54 , 22 
38361,Castorena, 265 , 239 , 257 , 34 , 14 
38359,Plaza Cumbres Cancun, 299 , 231 , 307 , 32 , 14 
38365,Coyoacan Centro, 535 , 453 , 385 , 73 , 28 
38366,Hospital ABC , 234 , 175 , 404 , 38 , 15 
38367,CM Coapa, 314 , 314 , 328 , 59 , 24 
38368,Luna Park, 554 , 419 , 380 , 98 , 37 
38371,Montevideo DT , 982 , 814 , 850 , 235 , 87 
38372,Felix Cuevas, 306 , 153 , 421 , 49 , 18 
38370,Malecon Las Americas Cancun, 636 , 543 , 501 , 131 , 48 
38374,Valle Dorado, 205 , 175 , 239 , 39 , 15 
38375,Americas Ecatepec, 558 , 546 , 405 , 96 , 37 
38373,CM Los Cabos, 275 , 234 , 284 , 44 , 18 
38376,Torre Caballito, 242 , 197 , 398 , 53 , 19 
38377,Jurica, 330 , 259 , 293 , 44 , 18 
38378,Torre Mexicana, 197 , 141 , 283 , 23 , 9 
38379,Via Acoxpa , 723 , 637 , 542 , 94 , 37 
38382,Homero, 338 , 289 , 425 , 25 , 11 
38386,Duraznos, 181 , 191 , 377 , 31 , 13 
38380,Plaza Fiesta Anahuac, 485 , 432 , 344 , 32 , 18 
38381,Nima Bay, 365 , 317 , 340 , 36 , 17 
38387,Zavaleta, 389 , 297 , 423 , 56 , 23 
38383,Galerias Hipodromo, 296 , 289 , 330 , 29 , 13 
38384,Galerias Guadalajara, 573 , 523 , 378 , 76 , 32 
38385,Aeropuerto Monterrey TB PB, 230 , 253 , 304 , 19 , 9 
38389,Rio Marne, 229 , 230 , 287 , 48 , 17 
38388,Culiacan Cinepolis, 115 , 99 , 150 , 12 , 5 
38393,Coapa Chedraui, 325 , 301 , 298 , 47 , 18 
38394,Centro Comercial Lomas Verdes, 330 , 252 , 285 , 39 , 16 
38392,Mariano Escobedo , 406 , 295 , 354 , 69 , 26 
38396,Ciudad Deportiva, 429 , 319 , 455 , 47 , 19 
38398,Mexfund Pedregal, 138 , 112 , 261 , 21 , 9 
38395,Aeropuerto San Jose, 518 , 627 , 592 , 68 , 32 
38399,Carso Polanco I, 381 , 298 , 573 , 52 , 21 
38397,Uruapan, 542 , 524 , 416 , 92 , 38 
38400,Centro Medico ABC Santa Fe, 363 , 286 , 625 , 27 , 17 
38401,Coacalco, 276 , 308 , 215 , 69 , 26 
38402,PeriSur  , 877 , 790 , 712 , 135 , 52 
38404,Varsovia, 195 , 221 , 265 , 17 , 8 
38405,Ejercito Nacional, 236 , 125 , 340 , 25 , 10 
38403,Aeropuerto Cancun Exterior, 292 , 239 , 264 , 36 , 17 
38406,Medica Sur , 425 , 223 , 574 , 17 , 11 
38407,Huexotitla, 443 , 351 , 431 , 84 , 32 
38408,Belisario Dominguez, 455 , 355 , 466 , 87 , 33 
38409,Costa de oro, 424 , 341 , 426 , 82 , 31 
38410,Coatzacoalcos , 406 , 380 , 288 , 90 , 34 
38411,Torres Lindavista, 426 , 413 , 374 , 119 , 43 
38413,Paseo Morelia, 453 , 492 , 320 , 63 , 31 
38414,Park Plaza, 38 , 32 , 326 , 12 , 5 
38412,Macroplaza Tijuana, 533 , 511 , 434 , 75 , 32 
38415,Amsterdam, 380 , 320 , 366 , 30 , 12 
38416,Mixcoac, 217 , 185 , 274 , 29 , 11 
38417,San Jose Insurgentes, 241 , 215 , 346 , 23 , 10 
38418,Plaza Oriente l, 332 , 293 , 275 , 77 , 29 
38419,Balbuena, 414 , 384 , 409 , 82 , 33 
38420,Aeropuerto Cancun Satelite, 672 , 730 , 630 , 52 , 28 
38427,Plaza Satelite, 617 , 536 , 384 , 58 , 26 
38428,Jardines del Pedregal, 171 , 132 , 303 , 25 , 10 
38425,Aeropuerto Tijuana Interior, 564 , 543 , 554 , 29 , 16 
38429,Plaza Aragon, 393 , 366 , 292 , 71 , 27 
38430,Prisma Insurgentes, 231 , 96 , 391 , 24 , 11 
38431,Eduardo Molina, 357 , 371 , 329 , 75 , 28 
38432,Plaza Luis Cabrera, 411 , 385 , 421 , 60 , 21 
38433,Bolsa Mexicana de Valores, 174 , 171 , 412 , 22 , 10 
38438,City Walk, 223 , 206 , 279 , 13 , 6 
38439,Ángeles Interlomas, 270 , 197 , 486 , 15 , 8 
38434,Plaza Carso SLP, 353 , 301 , 250 , 49 , 19 
38435,Paseo Montejo, 432 , 348 , 430 , 67 , 24 
38436,Forum Tlaquepaque, 749 , 689 , 633 , 119 , 47 
38440,Hospital Angeles Metropolitano, 291 , 149 , 316 , 23 , 10 
38441,Metepec Plaza del Parque, 224 , 200 , 233 , 32 , 13 
38442,Sor Juana, 381 , 332 , 419 , 76 , 29 
38444,Hospital Angeles Puebla, 360 , 132 , 515 , 45 , 20 
38445,Samara II, 246 , 196 , 381 , 18 , 8 
38447,Hospital Angeles del Pedregal, 362 , 190 , 540 , 33 , 14 
38448,Urban Center Xalapa, 334 , 310 , 337 , 71 , 27 
38446,Plaza Centinela Mexicali, 453 , 332 , 484 , 68 , 28 
38451,Altabrisa Tabasco, 557 , 527 , 324 , 62 , 26 
38452,Parque Interlomas, 212 , 187 , 256 , 12 , 6 
38449,Patio Patria, 294 , 275 , 289 , 25 , 12 
38450,Macro Ensenada, 311 , 288 , 300 , 43 , 19 
38456,Plaza las Flores, 374 , 335 , 314 , 93 , 34 
38458,El Rosario, 445 , 477 , 399 , 99 , 37 
38453,Poliforum, 226 , 211 , 230 , 30 , 13 
38454,Plaza Las Palmas, 245 , 200 , 260 , 57 , 22 
38460,Santa Monica, 250 , 222 , 271 , 29 , 13 
38457,Plaza La Paz, 420 , 394 , 369 , 49 , 25 
38461,Fuente de Tritones, 252 , 213 , 315 , 45 , 17 
38459,Cd Obregon, 319 , 299 , 319 , 43 , 22 
38463,Uruguay, 232 , 173 , 256 , 39 , 14 
38464,Corporativo Coyoacan, 155 , 93 , 273 , 29 , 12 
38465,Juarez 32, 265 , 219 , 259 , 60 , 22 
38466,Paseo Interlomas I, 272 , 280 , 280 , 32 , 14 
38467,Constituyentes Queretaro, 260 , 176 , 239 , 43 , 17 
38468,Portal Churubusco , 339 , 312 , 339 , 61 , 24 
38469,Galerias Coapa, 539 , 470 , 396 , 90 , 35 
38470,Chapultepec Reforma, 407 , 530 , 108 , 50 , 21 
38471,Angeles Acoxpa , 356 , 223 , 359 , 34 , 14 
38472,Plaza America DT, 602 , 505 , 657 , 115 , 45 
38475,Satelite Centro Civico, 430 , 404 , 427 , 47 , 21 
38477,Zentralia churubusco , 313 , 275 , 309 , 62 , 24 
38473,Outlet Leon, 300 , 367 , 234 , 45 , 20 
38480,Urban Center Juriquilla, 352 , 297 , 386 , 46 , 21 
38476,Galerias Zacatecas, 436 , 433 , 347 , 103 , 41 
38481,Alfonso Reyes, 208 , 183 , 258 , 23 , 9 
38478,Aeropuerto Los Cabos II, 498 , 529 , 512 , 34 , 17 
38479,Palomar, 843 , 750 , 772 , 117 , 50 
38482,Pestalozzi, 331 , 268 , 333 , 39 , 15 
38483,Forum Buenavista, 449 , 379 , 304 , 67 , 25 
38484,Gandhi, 248 , 212 , 250 , 29 , 11 
38485,Sendero Toluca, 445 , 391 , 469 , 71 , 28 
38486,Dorado veracruz, 285 , 290 , 223 , 38 , 17 
38487,Madero, 511 , 435 , 404 , 87 , 33 
38494,Pabellon Cuemanco, 438 , 405 , 375 , 84 , 33 
38496,Casa Taxqueña , 439 , 413 , 395 , 73 , 29 
38488,City Center, 299 , 234 , 346 , 36 , 14 
38489,Carretera Cancun Playa del Carmen DT, 518 , 396 , 432 , 75 , 30 
38490,Citadela Chihuahua, 462 , 373 , 443 , 58 , 25 
38491,Gran Terraza Oblatos, 822 , 808 , 680 , 116 , 47 
38492,La Paz Soriana, 341 , 335 , 340 , 62 , 26 
38497,5 de Mayo, 258 , 168 , 341 , 22 , 9 
38498,Montecitos Wtc, 425 , 282 , 398 , 40 , 15 
38499,Pennsylvania, 314 , 304 , 365 , 17 , 8 
38501,Patio Universidad, 353 , 257 , 315 , 37 , 14 
38502,San Marcos DT, 389 , 302 , 306 , 37 , 15 
38504,Insurgentes Wtc, 254 , 163 , 282 , 36 , 13 
38507,Espacio Vista del Valle, 169 , 175 , 181 , 18 , 9 
38503,Galerias Campehe, 437 , 384 , 362 , 69 , 28 
38508,Ampliacion Santa Fe , 259 , 241 , 181 , 23 , 11 
38505,Aeropuerto Tijuana II, 767 , 754 , 710 , 52 , 26 
38506,Altacia, 618 , 600 , 413 , 68 , 30 
38511,Ciudad Jardin ll, 494 , 473 , 342 , 109 , 41 
38512,Garden Santa Fe , 81 , 91 , 233 , 12 , 7 
38509,Paseo Chapultepec, 151 , 114 , 258 , 15 , 7 
38510,Magma Towers, 235 , 192 , 367 , 22 , 9 
38513,San Lorenzo, 178 , 111 , 192 , 16 , 7 
38515,Patio Ecatepec, 402 , 395 , 347 , 100 , 37 
38519,Plaza del Parque Oaxaca, 791 , 631 , 705 , 195 , 78 
38520,Celaya Campestre , 494 , 405 , 484 , 69 , 29 
38516,Quinta Alegria, 239 , 225 , 192 , 32 , 13 
38517,Las Juntas DT, 845 , 782 , 788 , 106 , 42 
38518,Galerias Mazatlan, 453 , 414 , 371 , 42 , 20 
38522,Rio Hudson, 161 , 188 , 288 , 24 , 9 
38525,Tuxtla II DT, 670 , 589 , 651 , 162 , 61 
38521,Aeropuerto Hermosillo , 421 , 457 , 465 , 28 , 14 
38526,City Shops Del Valle, 328 , 221 , 447 , 56 , 24 
38523,Malecon Vallarta II, 255 , 236 , 213 , 25 , 13 
38524,Miguel Aleman DT, 287 , 266 , 325 , 24 , 13 
38527,Camarones, 715 , 662 , 659 , 149 , 58 
38529,Bosques de Aragon, 408 , 385 , 373 , 97 , 35 
38530,Narvarte, 673 , 522 , 615 , 98 , 38 
38532,One o One, 165 , 125 , 346 , 16 , 8 
38534,Patio Santa Fe 1, 329 , 303 , 390 , 34 , 15 
38531,Plaza 505, 466 , 380 , 438 , 51 , 23 
38535,City Center Esmeralda, 682 , 613 , 757 , 60 , 30 
38533,Reynosa, 764 , 650 , 630 , 109 , 48 
38538,Monte Pelvoux, 55 , 28 , 333 , 12 , 5 
38536,Zentralia Cd del Carmen, 489 , 456 , 379 , 84 , 33 
38537,Gomez Palacio, 774 , 633 , 708 , 140 , 55 
38543,Tlalpan Hospitales, 209 , 194 , 331 , 38 , 14 
38539,Plaza Del Valle Mexicali, 450 , 390 , 423 , 72 , 31 
38540,Cd Victoria, 684 , 625 , 658 , 77 , 32 
38544,Picacho Ajusco, 359 , 318 , 305 , 58 , 22 
38542,Tepic Shopping Center, 472 , 408 , 481 , 53 , 24 
38546,Patio Claveria, 496 , 419 , 439 , 70 , 27 
38547,Carr Toluca Mexico KM48, 863 , 771 , 716 , 127 , 49 
38545,Nuevo Sur, 357 , 309 , 314 , 29 , 13 
38549,Galerias Insurgentes, 437 , 354 , 358 , 60 , 23 
38550,Plaza Mallorca, 344 , 271 , 381 , 29 , 14 
38551,Xalapa animas, 503 , 413 , 454 , 92 , 35 
38553,Paseo Interlomas II, 205 , 241 , 144 , 17 , 9 
38554,Forum Buenavista II, 540 , 402 , 369 , 115 , 41 
38552,Plaza Mayor II, 433 , 379 , 263 , 53 , 22 
38555,Capital Reforma, 298 , 245 , 440 , 38 , 15 
38556,Tuxpan 53, 345 , 190 , 355 , 35 , 14 
38557,Rio San Joaquin, 152 , 95 , 402 , 29 , 12 
38558,Roma Sur, 275 , 198 , 239 , 23 , 9 
38559,Antea , 661 , 640 , 405 , 91 , 41 
38560,Renato Leduc, 237 , 168 , 239 , 33 , 13 
38561,Parque Toreo, 443 , 424 , 540 , 70 , 28 
38566,Ventura Puente, 458 , 376 , 483 , 86 , 32 
38567,Aragon II, 384 , 409 , 297 , 73 , 28 
38563,One Silao, 430 , 393 , 368 , 71 , 29 
38564,Plaza QU, 714 , 660 , 648 , 105 , 46 
38565,Blvd Morelos DT, 503 , 396 , 479 , 69 , 27 
38568,Av Stim, 165 , 166 , 180 , 12 , 6 
38569,Plaza Universidad, 394 , 353 , 292 , 55 , 20 
38570,Universidad 767, 238 , 164 , 280 , 27 , 11 
38571,Jolie Place, 200 , 177 , 248 , 19 , 8 
38577,Galerias Hermanos Serdan, 554 , 504 , 398 , 97 , 38 
38578,Galerias Toluca, 683 , 561 , 511 , 140 , 52 
38572,Aeropuerto Mty TA SUE, 593 , 615 , 551 , 56 , 28 
38573,La Lomita, 600 , 428 , 548 , 61 , 28 
38574,Lowes, 429 , 371 , 435 , 37 , 17 
38575,Real Center , 565 , 527 , 382 , 58 , 27 
38576,Aeropuerto Gdl Llegadas Nacionales, 944 , 899 , 938 , 83 , 38 
38579,Division del Norte II, 754 , 642 , 755 , 127 , 49 
38580,Pasaje San Jeronimo, 248 , 250 , 302 , 21 , 9 
38583,Andamar, 621 , 579 , 399 , 66 , 28 
38585,Oasis II, 401 , 352 , 251 , 39 , 16 
38582,Paseo Sendero, 609 , 525 , 440 , 60 , 27 
38587,Plateros, 267 , 233 , 247 , 60 , 22 
38584,Plaza Sienna, 156 , 129 , 265 , 12 , 6 
38590,Parque Toreo II, 499 , 442 , 477 , 94 , 35 
38586,Cozumel Pama, 281 , 254 , 242 , 48 , 19 
38594,Carretera Mexico  Puebla , 368 , 292 , 257 , 62 , 24 
38588,Plaza los robles, 485 , 407 , 427 , 64 , 27 
38589,Centro Maya Dt, 540 , 461 , 548 , 88 , 35 
38597,Emerson, 298 , 219 , 368 , 29 , 13 
38591,Tampico Universidad, 649 , 527 , 598 , 101 , 44 
38592,Ciudad Granjas, 338 , 233 , 334 , 34 , 14 
38593,City Express Aguascalientes, 561 , 467 , 562 , 103 , 44 
38599,Adagio, 341 , 321 , 349 , 36 , 15 
38596,Esfera City Center, 365 , 302 , 248 , 29 , 15 
38598,Plaza Palmares, 383 , 310 , 396 , 34 , 18 
38601,Paseo Quintana, 258 , 210 , 247 , 29 , 11 
38602,Obrero Mundial, 253 , 205 , 225 , 16 , 7 
38604,Cosmopol, 569 , 519 , 373 , 86 , 34 
38605,Plaza Cuicuilco, 259 , 223 , 337 , 34 , 15 
38603,Metropolitan, 334 , 235 , 283 , 12 , 7 
38606,TlalnepantlaCarso, 628 , 537 , 546 , 126 , 47 
38607,Carretera  Mexico Toluca KM42, 609 , 480 , 555 , 62 , 25 
38611,Plaza Basica, 596 , 522 , 554 , 111 , 42 
38612,Antara II, 424 , 344 , 605 , 42 , 18 
38608,Aeropuerto Mty TB SUE, 393 , 470 , 495 , 39 , 18 
38609,Nogales Mall, 500 , 444 , 400 , 94 , 40 
38610,5ta Avenida, 126 , 148 , 99 , 16 , 7 
38615,Grand San Jeronimo, 244 , 228 , 380 , 35 , 13 
38617,Axomiatla, 238 , 229 , 246 , 22 , 10 
38614,Uruapan II DT, 839 , 771 , 712 , 151 , 64 
38619,Calzada de Tlalpan, 730 , 635 , 668 , 147 , 55 
38620,Oasis I, 523 , 427 , 454 , 71 , 27 
38618,Plaza Peninsula DT, 330 , 289 , 353 , 42 , 16 
38625,Tezoquipa , 457 , 407 , 423 , 84 , 31 
38627,Moliere 222, 383 , 363 , 362 , 34 , 14 
38621,Paseo Durango, 452 , 368 , 355 , 54 , 26 
38622,Aeropuerto Culiacan , 398 , 369 , 412 , 19 , 11 
38624,GuadalajaraCentro, 762 , 581 , 627 , 121 , 47 
38629,Town Center Juriquilla, 301 , 286 , 260 , 44 , 19 
38626,Aeropuerto Tijuana Exterior, 443 , 319 , 312 , 12 , 8 
38633,Carretera Toluca Mexico (plaza cedros DT), 399 , 338 , 352 , 23 , 11 
38634,Cuernavaca Centro, 260 , 205 , 269 , 57 , 21 
38630,Galerias las Torres Leon, 355 , 365 , 300 , 53 , 21 
38631,Plaza Cibeles , 551 , 475 , 321 , 73 , 31 
38637,Tlalpan Nativitas , 402 , 353 , 373 , 65 , 25 
38638,Galerias Acapulco, 653 , 540 , 530 , 92 , 37 
38636,Lázaro Cárdenas, 547 , 451 , 407 , 73 , 29 
38642,Carretera Mexico Queretaro, 721 , 643 , 650 , 65 , 28 
38644,Torre Virreyes, 218 , 239 , 371 , 12 , 6 
38639,Kukulkan DT, 325 , 331 , 311 , 42 , 17 
38640,Alcalde , 658 , 574 , 597 , 62 , 29 
38641,Sala B Aeropuerto Cancun, 555 , 517 , 533 , 34 , 21 
38645,Plaza Central , 379 , 350 , 257 , 64 , 25 
38643,Monclova, 324 , 257 , 226 , 60 , 33 
38646,Carracci, 501 , 310 , 514 , 69 , 26 
38648,La Huerta, 646 , 624 , 608 , 158 , 60 
38649,Sendero Villahermosa, 314 , 291 , 231 , 51 , 20 
38647,Urban Center La Rioja, 842 , 784 , 612 , 134 , 56 
38651,Via Vallejo, 582 , 558 , 440 , 73 , 30 
38653,Salon Ejecutivo T1 AICM, 388 , 437 , 368 , 31 , 13 
38650,Puerta Oeste, 401 , 350 , 380 , 45 , 22 
38654,Reforma 180, 124 , 86 , 263 , 14 , 6 
38656,Viveros de la Loma, 623 , 544 , 582 , 42 , 23 
38657,Patio Lomas Estrella , 363 , 333 , 305 , 73 , 27 
38658,Plaza Delta Planta Baja, 675 , 576 , 504 , 98 , 37 
38655,3 Torres de Cd Juarez, 721 , 599 , 629 , 128 , 54 
38659,Sendero Ixtapaluca , 601 , 546 , 437 , 154 , 59 
38661,Jinetes, 305 , 302 , 287 , 40 , 17 
38663,Copilco 20, 324 , 303 , 311 , 66 , 24 
38665,Galerias Celaya , 527 , 532 , 359 , 63 , 26 
38660,Sania, 377 , 237 , 494 , 43 , 18 
38668,Pabellon Metepec, 356 , 263 , 336 , 34 , 14 
38662,Aeropuerto Cancun T3 Pa Ii, 329 , 290 , 305 , 25 , 13 
38672,31 Oriente, 470 , 386 , 451 , 75 , 30 
38664,Camino Real Tijuana, 699 , 507 , 607 , 64 , 33 
38674,Mundo E, 415 , 391 , 238 , 53 , 22 
38666,Paseo la Fe, 648 , 523 , 390 , 59 , 27 
38667,Hipodromo Caliente, 158 , 142 , 96 , 16 , 6 
38675,Cordoba centro, 285 , 209 , 234 , 75 , 29 
38669,Salamanca Power Town , 436 , 453 , 309 , 79 , 31 
38670,Pabellon M, 309 , 277 , 388 , 41 , 16 
38671,Plaza Carranza, 225 , 143 , 231 , 37 , 14 
38676,Miyana, 425 , 349 , 601 , 36 , 15 
38673,Puerta Bajio, 223 , 215 , 261 , 40 , 17 
38677,Patio la Raza, 332 , 317 , 414 , 64 , 24 
38678,Power Center las Americas, 372 , 359 , 303 , 90 , 35 
38682,Coatzacoalcos II, 562 , 517 , 540 , 106 , 40 
38684,Plaza Chimalhuacan, 458 , 471 , 344 , 123 , 46 
38679,Technology Park, 734 , 631 , 691 , 116 , 47 
38680,Galerias Saltillo, 433 , 357 , 217 , 35 , 19 
38690,Forum Cuernavaca, 460 , 419 , 327 , 77 , 30 
38691,Patio Revolución, 225 , 177 , 259 , 32 , 13 
38683,Plaza Aeropuerto Mty, 276 , 242 , 392 , 36 , 15 
38692,Plaza Exhibimex, 395 , 344 , 419 , 67 , 27 
38685,Sendero La Fe, 388 , 328 , 349 , 58 , 23 
38688,Apto Mty TC SUE, 586 , 590 , 644 , 40 , 23 
38689,Carretera Irapuato , 246 , 253 , 272 , 49 , 19 
38694,Villas de la Hacienda, 398 , 388 , 349 , 78 , 32 
38695,Cetram 4 Caminos, 591 , 438 , 548 , 121 , 42 
38698,Poniente 25, 342 , 219 , 378 , 58 , 22 
38693,Fashion Mall Tampico, 600 , 511 , 462 , 102 , 39 
38699,Puebla centro, 524 , 436 , 477 , 110 , 43 
38700,Puebla Avanza, 646 , 678 , 492 , 84 , 35 
38696,Zamora DT, 695 , 663 , 558 , 117 , 46 
38702,Orizaba, 579 , 473 , 459 , 121 , 48 
38703,Plaza las americas, 611 , 484 , 418 , 65 , 25 
38715,Av. Coyoacan DT only, 534 , 440 , 560 , 66 , 27 
38716,Multiplaza Bosques, 453 , 442 , 384 , 92 , 37 
38705,Gran Plaza Mazatlan, 341 , 306 , 280 , 38 , 17 
38706,Aeropuerto Cd Juarez, 101 , 89 , 116 , 16 , 8 
38707,Punto Cero DT, 648 , 514 , 651 , 106 , 48 
38708,ChihuahuaCentro, 251 , 196 , 272 , 44 , 17 
38717,Av Revolucion, 771 , 599 , 681 , 60 , 27 
38711,Villamarino DT, 666 , 537 , 567 , 136 , 50 
38712,Up Town Merida, 695 , 600 , 722 , 116 , 44 
38713,La Isla Vallarta, 513 , 482 , 384 , 58 , 26 
38714,EL Dorado SLP, 538 , 485 , 364 , 75 , 31 
38718,Paseo Ventura, 286 , 253 , 255 , 51 , 21 
38719,Plaza Fortuna, 403 , 364 , 400 , 71 , 28 
38720,Patio Barranca PB, 368 , 321 , 566 , 60 , 22 
38721,El Meson, 622 , 603 , 618 , 72 , 34 
38722,Patio Barranca N2, 202 , 164 , 307 , 28 , 11 
38725,Plaza Oriente ll, 361 , 354 , 275 , 51 , 20 
38727,Centro Tk, 207 , 250 , 283 , 13 , 7 
38728,Punto la Victoria, 553 , 440 , 378 , 99 , 36 
38723,Puerto Cancun, 460 , 419 , 381 , 70 , 29 
38729,Ubika Milenio, 292 , 232 , 270 , 50 , 20 
38726,Nuevo Laredo DT, 568 , 382 , 498 , 229 , 87 
38730,Manacar PB, 357 , 282 , 570 , 56 , 21 
38731,Plaza Cuaunahuac, 595 , 472 , 510 , 108 , 40 
38732,Galerias Tlaxcala, 541 , 507 , 444 , 134 , 53 
38733,San Martin, 227 , 182 , 210 , 25 , 11 
38736,Periferico Puebla  , 787 , 701 , 699 , 118 , 45 
38738,Pabellon Tuxtla, 612 , 591 , 426 , 98 , 39 
38746,Arcos Bosques II, 212 , 187 , 561 , 19 , 9 
38734,Puerto Interior, 344 , 232 , 478 , 86 , 33 
38735,Salamanca Mazda , 320 , 269 , 270 , 52 , 21 
38747,Centro Comercial Santa Fe 3, 340 , 302 , 191 , 12 , 8 
38737,OTAY, 423 , 338 , 547 , 64 , 26 
38749,Patio Santa Fe 2, 150 , 114 , 267 , 14 , 6 
38739,Fashion Drive, 503 , 428 , 302 , 27 , 12 
38740,Justo Sierra, 449 , 304 , 415 , 50 , 21 
38742,XO, 268 , 195 , 259 , 19 , 8 
38743,Piedras Negras, 854 , 687 , 718 , 208 , 83 
38744,Gran Hotel, 442 , 362 , 375 , 47 , 19 
38745,SLP Carretera 57 Norte, 447 , 375 , 443 , 117 , 45 
38750,Antea II, 438 , 397 , 269 , 36 , 18 
38752,Star Medica Roma, 294 , 186 , 300 , 38 , 14 
38753,Parque puebla pb, 603 , 590 , 492 , 100 , 39 
38754,Parque puebla pa, 369 , 376 , 211 , 80 , 33 
38756,Averanda, 587 , 544 , 436 , 58 , 26 
38757,Citadina Constituyentes, 826 , 666 , 660 , 134 , 56 
38761,Solara, 471 , 377 , 295 , 49 , 20 
38762,Patio Boturini, 425 , 364 , 380 , 97 , 35 
38764,Star  Medica Napoles, 250 , 82 , 233 , 18 , 10 
38758,Las Torres Cd Juarez, 791 , 658 , 643 , 173 , 71 
38759,Isla Culiacan, 454 , 415 , 454 , 40 , 18 
38760,Kiosco Gran Plaza Merida, 238 , 196 , 213 , 37 , 14 
38769,Patio Toluca, 321 , 301 , 319 , 56 , 21 
38763,Rosarito, 601 , 468 , 564 , 89 , 42 
38770,Gustavo Baz 29, 230 , 199 , 251 , 27 , 12 
38765,Colinas de San Jeronimo, 600 , 472 , 614 , 58 , 25 
38766,Aeropuerto Cancun T4 Pb Ext, 309 , 261 , 258 , 39 , 17 
38767,Aeropuerto Cancun T4 Pa Int, 464 , 492 , 420 , 40 , 20 
38771,Medica SurTlalpan, 164 , 46 , 247 , 19 , 6 
38777,Parque la Mexicana, 381 , 438 , 198 , 30 , 14 
38781,San Cristobal, 397 , 367 , 291 , 78 , 32 
38784,Artz Pedregal PB CC, 418 , 342 , 548 , 59 , 25 
38775,Aeropuerto salidas nacionales puerta C37, 533 , 525 , 581 , 30 , 17 
38776,Los Cabos CH, 135 , 131 , 150 , 31 , 12 
38778,Real del Castillo, 433 , 319 , 374 , 73 , 29 
38779,Rio Tijuana, 639 , 471 , 607 , 107 , 44 
38785,Versalles, 222 , 228 , 296 , 32 , 12 
38787,Plaza Atrios, 610 , 559 , 500 , 160 , 61 
38782,Tlaquepaque, 706 , 673 , 617 , 128 , 54 
38790,Carretera Mexico Pachuca, 651 , 498 , 456 , 119 , 46 
38792,Pasaje Tlanepantla, 282 , 201 , 286 , 40 , 16 
38786,Punto Cultiva, 267 , 214 , 275 , 28 , 12 
38793,Galerias Pachuca PA, 417 , 400 , 301 , 71 , 28 
38788,Matamoros DT, 801 , 593 , 689 , 162 , 67 
38789,Aeropuerto Cancun T4 Food Court, 556 , 527 , 468 , 37 , 23 
38795,Apto T1 Pb N Pta 7, 178 , 152 , 173 , 15 , 7 
38796,Apto T1 AMB Sala J, 137 , 110 , 146 , 12 , 7 
38799,Paseo Interlomas III, 310 , 284 , 277 , 15 , 9 
38800,Antenas PA, 422 , 422 , 305 , 64 , 25 
38801,Antenas PB, 548 , 547 , 401 , 143 , 51 
38797,Lindavista Mty, 701 , 570 , 663 , 44 , 22 
38803,Apto T1 AMB Puerta 8, 380 , 384 , 397 , 27 , 13 
38804,Galerias Chilpancingo, 504 , 469 , 430 , 117 , 45 
38806,Patio Tlalpan, 425 , 397 , 376 , 82 , 30 
38809,Estacion de Servicio la Virgen, 596 , 599 , 436 , 82 , 34 
38810,Plaza Centenario ( Tenaria), 418 , 335 , 353 , 67 , 27 
38811,Plaza Tepeyac, 496 , 474 , 380 , 84 , 32 
38805,Isla Merida, 597 , 612 , 451 , 61 , 29 
38812,Star Medica Queretaro, 336 , 165 , 454 , 49 , 20 
38808,Carretera Saltillo-Mty, 493 , 378 , 493 , 53 , 24 
38813,Autopista Puebla Orizaba, 774 , 616 , 619 , 132 , 53 
38815,Central Interlomas, 164 , 143 , 225 , 12 , 6 
38819,Paseo Tehuacan DT, 655 , 572 , 584 , 108 , 43 
38821,Explanada Puebla, 474 , 444 , 345 , 64 , 27 
38814,Carretera 57 SLP Sur, 990 , 830 , 814 , 205 , 76 
38822,Aeropuerto Acapulco, 206 , 336 , 218 , 16 , 10 
38816,Via Cordillera, 280 , 231 , 409 , 18 , 10 
38829,Outlet Lerma, 427 , 435 , 259 , 68 , 26 
38818,Centro Jacarandas , 432 , 373 , 368 , 77 , 30 
38831,Angelopolis II, 460 , 397 , 253 , 77 , 30 
38820,Metrocentro DT, 320 , 248 , 374 , 40 , 16 
38837,Centenario Azcapotzalco, 358 , 300 , 338 , 86 , 31 
38825,Harbor, 390 , 382 , 381 , 51 , 21 
38826,Malecon Mazatlan, 310 , 309 , 265 , 41 , 19 
38827,Aeropuerto Los Mochis, 133 , 157 , 227 , 25 , 11 
38828,Urban Center Merida, 430 , 342 , 504 , 66 , 25 
38838,Star Medica Morelia, 262 , 181 , 271 , 50 , 20 
38839,Tapachula DT, 468 , 373 , 353 , 51 , 23 
38840,Periferico Puebla II, 775 , 637 , 674 , 130 , 53 
38833,Aeropuerto Bajio, 509 , 591 , 654 , 41 , 27 
38834,Aeropuerto Hermosillo Ext, 164 , 147 , 181 , 12 , 7 
38836,Morelos Centro Mty , 619 , 521 , 533 , 79 , 31 
38841,Townsquare Metepec, 593 , 526 , 382 , 69 , 28 
38845,Mundo E II, 419 , 374 , 224 , 45 , 20 
38846,Ubika Universidad, 370 , 258 , 389 , 71 , 26 
38847,El Molino, 343 , 247 , 355 , 67 , 25 
38842,Caucel DT, 793 , 652 , 651 , 169 , 65 
38843,Tulum DT, 299 , 293 , 295 , 55 , 22 
38844,Park Point, 231 , 201 , 182 , 25 , 12 
38855,Plaza Zapotitlán DT , 453 , 445 , 391 , 114 , 43 
38857,Plaza San Diego, 516 , 429 , 469 , 84 , 33 
38848,Alameda Otay, 335 , 250 , 307 , 28 , 13 
38849,Hospital Angeles Valle Oriente, 195 , 139 , 233 , 16 , 7 
38859,Plaza Satelite II N1, 604 , 509 , 328 , 106 , 43 
38851,Aeropuerto Chihuahua, 323 , 405 , 481 , 33 , 16 
38853,Apto Mty TA II, 689 , 754 , 705 , 61 , 30 
38860,Paseo Queretaro, 450 , 417 , 256 , 56 , 23 
38862,San Miguel Izcalli, 540 , 444 , 462 , 109 , 41 
38864,Carretera Queretaro Celaya, 413 , 356 , 323 , 47 , 21 
38871,Estacion las Brujas II, 428 , 475 , 423 , 68 , 30 
38882,Ubika Juriquilla, 373 , 331 , 347 , 47 , 20 
38863,Bucerias, 545 , 515 , 528 , 53 , 27 
38885,AIQ , 467 , 570 , 596 , 36 , 24 
38865,Kune DT, 809 , 677 , 575 , 66 , 33 
38886,Estacion las Brujas I, 356 , 325 , 366 , 48 , 21 
38867,Plaza Bonita, 362 , 310 , 342 , 64 , 28 
38868,Punto Sur, 583 , 663 , 425 , 66 , 30 
38869,Carretera Nuevo Laredo, 388 , 360 , 365 , 52 , 23 
38870,Periferico Torreon DT, 657 , 524 , 541 , 90 , 42 
38888,Mitikah, 812 , 661 , 828 , 132 , 52 
38872,Colosio DT, 255 , 230 , 312 , 64 , 24 
38873,Plaza El Molino Apodaca, 591 , 437 , 492 , 74 , 31 
38874,Las Puentes, 564 , 456 , 523 , 76 , 33 
38875,Rincon de la Florida, 607 , 475 , 491 , 88 , 39 
38876,Huayacan DT, 588 , 449 , 614 , 86 , 35 
38877,Apto SLP, 151 , 146 , 159 , 14 , 9 
38879,Zona Romantica Puerto Vallarta, 358 , 348 , 308 , 31 , 13 
38880,Aeropuerto Tijuana SUE Central, 626 , 456 , 501 , 29 , 18 
38881,Galerias Santa Anita, 687 , 703 , 505 , 103 , 44 
38893,Explanada Pachuca, 470 , 444 , 268 , 69 , 28 
38883,Omnia, 560 , 439 , 427 , 37 , 22 
38884,Plaza Marina Leon, 553 , 462 , 488 , 93 , 38 
38894,Galerias Perinorte, 487 , 470 , 373 , 117 , 43 
38895,Ubika El Refugio, 597 , 505 , 560 , 76 , 32 
38887,Terracota Aguascalientes, 558 , 377 , 486 , 74 , 31 
38896,Paseo Tollocan DT, 844 , 687 , 712 , 162 , 60 
38889,La Isla Cancún II, 237 , 227 , 198 , 28 , 13 
38890,Carretera A Chapala, 831 , 820 , 715 , 179 , 70 
38891,Gran Patio Guanajuato, 354 , 343 , 277 , 51 , 20 
38892,Zacatecas Centro de Gobierno, 786 , 612 , 676 , 184 , 72 
38897,Atlixcayotl DT , 830 , 665 , 870 , 154 , 64 
38899,Carr México Queretaro, 404 , 338 , 430 , 47 , 22 
38903,Encuentro Oceania, 675 , 595 , 492 , 118 , 45 
38906,APTO Ciudad de MéxicoAMB PTA 2 , 298 , 264 , 329 , 37 , 30 
38908,Carretera Pachuca Mexico, 750 , 765 , 617 , 158 , 63 
38898,Galerias Mty III, 733 , 624 , 370 , 41 , 17 
38910,AIFA Llegadas Nacional AMB, 494 , 537 , 554 , 91 , 35 
38900,Apto Cd Juárez SUE, 272 , 270 , 296 , 37 , 17 
38901,Apto MTY TC Amb, 386 , 359 , 505 , 54 , 21 
38902,Apto ChihuahuaAmb, 104 , 118 , 162 , 12 , 6 
38911,AIFA SUE Nacional, 420 , 581 , 514 , 36 , 18 
38904,Foro 4, 289 , 275 , 359 , 36 , 15 
38905,Distrito La Perla, 653 , 716 , 539 , 95 , 38 
38916,Chedraui Centro Sur, 390 , 329 , 413 , 56 , 22 
38907,Galerias Valle Oriente, 223 , 192 , 142 , 21 , 9 
38918,Bosque Real, 194 , 189 , 239 , 25 , 11 
38909,Puerta Norte DT, 274 , 237 , 317 , 42 , 17 
38924,Plaza Aeropuerto, 444 , 408 , 307 , 98 , 36 
38925,Star Medica Lomas Verdes, 160 , 78 , 192 , 12 , 6 
38912,Punto Escobedo DT León, 583 , 413 , 490 , 79 , 32 
38913,Apto Mazatlan SUE, 271 , 326 , 307 , 19 , 11 
38929,Aeropuerto Toluca AMB, 148 , 173 , 237 , 12 , 8 
38917,Urban Center Cancun, 190 , 120 , 286 , 32 , 12 
38930,Blvd. Aeropuerto dt, 779 , 673 , 604 , 128 , 48 
38920,Paseo Monclova, 478 , 415 , 277 , 56 , 25 
38921,Carretera Ags-Zac, 541 , 453 , 434 , 97 , 45 
38922,Plaza Península Tijuana, 820 , 689 , 493 , 75 , 37 
38923,Campestre Merida DT, 290 , 229 , 352 , 44 , 17 
38937,Parque Tepeyac Piso 1, 664 , 618 , 489 , 157 , 61 
38939,Pachuca DT II, 767 , 590 , 761 , 154 , 60 
38926,Star Medica Ciudad Juarez, 254 , 131 , 273 , 42 , 18 
38927,Star Médica Chihuahua, 98 , 40 , 179 , 20 , 9 
38928,Starmedica Merida, 208 , 86 , 265 , 22 , 9 
38941,Mitikah Restaurantes, 355 , 317 , 317 , 60 , 24 
38942,Moraleda Atlixco DT, 413 , 391 , 361 , 98 , 41 
38931,Colima II, 546 , 514 , 445 , 86 , 37 
38932,San Pedro DT, 294 , 259 , 245 , 51 , 22 
38933,Novena Mexicali DT, 442 , 357 , 387 , 62 , 26 
38934,Tijuana vía rápida, 687 , 490 , 619 , 90 , 41 
38935,Plaza Paraiso DT, 570 , 474 , 417 , 79 , 32 
38943,Terraza T2 Amb, 333 , 355 , 490 , 42 , 17 
38938,Colima Sendera DT, 623 , 577 , 550 , 81 , 40 
38944,Centro SurQro , 575 , 401 , 603 , 90 , 37 
38946,Patio Tapachula, 496 , 442 , 432 , 143 , 51 
38949,Costera Acapulco, 667 , 554 , 617 , 173 , 65 
38957,Avándaro, 196 , 181 , 124 , 25 , 14 
38947,Hermosillo Centro de Gobierno DT, 425 , 308 , 397 , 80 , 32 
38948,Tijuana Teran DT, 573 , 529 , 495 , 105 , 43 
38965,Parque Tepeyac Piso 2, 429 , 431 , 242 , 97 , 37 
38950,Outlet Riviera Maya, 255 , 306 , 134 , 42 , 18 
38966,Comitán Chiapas DT, 536 , 448 , 383 , 161 , 61 
38952,Punta Este DT, 447 , 343 , 351 , 32 , 18 
38953,Fragaria Irapuato , 586 , 495 , 528 , 128 , 49 
38967,Belisario DT, 699 , 576 , 612 , 111 , 44 
38955,La Ceiba, 416 , 420 , 352 , 32 , 18 
38956,Plaza San Rafael Ags, 551 , 448 , 538 , 82 , 32 
38976,Hospital Angeles Centro Sur Qro, 242 , 109 , 383 , 38 , 17 
38958,Los Cavazos DT, 407 , 429 , 321 , 29 , 16 
38959,Distrito Hexus Hermosillo, 345 , 266 , 363 , 51 , 22 
38960,La Cantera DT, 309 , 239 , 326 , 40 , 19 
38963,Lazaro Cardenas Mty DT, 712 , 564 , 657 , 70 , 32 
38982,Miyana II, 133 , 124 , 329 , 19 , 8 
38987,Punta Zero Calimaya DT, 514 , 447 , 429 , 101 , 41 
38992,Tapo Puerta Oriente, 456 , 338 , 475 , 93 , 34 
38995,Encuentro Oceania II, 422 , 397 , 266 , 82 , 31 
38968,Génesis Reynosa DT, 725 , 609 , 565 , 164 , 66 
38969,Punto Sur II, 379 , 460 , 246 , 47 , 19 
38970,Hospital Zambrano, 322 , 212 , 466 , 16 , 10 
38971,Distrito 925 Zacatecas, 589 , 485 , 495 , 96 , 41 
38972,Plaza Village DT, 691 , 538 , 660 , 132 , 49 
38973,Punto Guadiana, 415 , 360 , 402 , 40 , 21 
38974,Carretera León Silao DT, 552 , 500 , 449 , 102 , 39 
38975,Cholul DT, 673 , 542 , 546 , 114 , 45 
38996,Valle de Aragon, 388 , 423 , 400 , 108 , 41 
38977,Ocampo Corner DT, 416 , 316 , 465 , 66 , 26 
38978,Periferico Merkabastos Gdl, 661 , 550 , 512 , 66 , 30 
38979,Carretera Progreso DT, 653 , 551 , 594 , 94 , 41 
38980,The Park , 614 , 500 , 354 , 69 , 35 
38981,Doctors Hospital AUNA, 420 , 201 , 433 , 28 , 16 
38997,San Juan del Rio ll, 613 , 552 , 509 , 155 , 61 
38983,Santa Monica Aguascalientes DT, 564 , 502 , 432 , 83 , 35 
38984,Lourdes Saltillo DT, 611 , 561 , 466 , 119 , 49 
38985,Paseo San Miguel, 628 , 556 , 470 , 90 , 38 
38986,Plaza Kabs DT, 474 , 418 , 434 , 114 , 45 
43008,Carretera Atlixco, 276 , 240 , 252 , 49 , 22 
38988,Zona Dorada II, 355 , 295 , 311 , 36 , 19 
38989,Las Américas Chetumal DT, 828 , 603 , 610 , 192 , 73 
38990,Las Americas Cancun DT, 256 , 192 , 251 , 34 , 13 
38991,Las Américas Mérida DT, 652 , 534 , 628 , 112 , 44 
43009,Plaza Aventura DT, 720 , 571 , 687 , 85 , 38 
38993,Las Americas Playa del Carmen, 643 , 534 , 566 , 169 , 60 
38994,ZapopanCentro , 673 , 640 , 620 , 90 , 35 
43011,Carr Toluca-Atlacomulco DT, 426 , 395 , 423 , 98 , 39 
43025,Punto MAQ, 402 , 286 , 341 , 35 , 13 
43026,Plaza Ermita, 479 , 436 , 387 , 79 , 34 
38998,Carretera Reynosa DT, 662 , 566 , 587 , 101 , 44 
38999,Plaza Las Alondras DT, 610 , 563 , 457 , 96 , 41 
43000,Tecnologico Cd Juarez, 507 , 434 , 488 , 88 , 37 
43001,Zona Hotelera, 149 , 128 , 127 , 34 , 13 
43003,Acuña DT, 486 , 389 , 325 , 126 , 48 
43005,Santiago DT , 433 , 388 , 346 , 37 , 21 
43007,Parque Centro Saltillo DT, 439 , 351 , 370 , 56 , 24 
43209,Centro Mirador, 318 , 276 , 294 , 49 , 21 
43033,Plaza Constituyentes, 401 , 301 , 394 , 69 , 27 
43010,Tepatitlán DT, 634 , 634 , 560 , 99 , 50 
43034,Macroplaza Tecamac, 435 , 417 , 339 , 117 , 44 
43016,Hotel Araiza Mexicali DT, 391 , 312 , 343 , 60 , 24 
43018,Parque Viñedos DT, 712 , 573 , 639 , 117 , 50 
43019,Campestre Saltillo DT, 490 , 407 , 482 , 56 , 28 
43021,Av. 135 Cancún DT, 368 , 315 , 328 , 53 , 21 
43035,Apto Veracruz Amb , 118 , 143 , 145 , 17 , 9 
43036,Epic Center Zakia DT, 418 , 344 , 331 , 64 , 27 
43027,Paseo Insurgentes León DT, 422 , 322 , 414 , 40 , 20 
43029,Ahau Tulum, 55 , 54 , 49 , 12 , 5 
43040,Centro Zibatá, 339 , 292 , 325 , 39 , 18 
43031,Galerias Mall Hermosillo, 349 , 307 , 224 , 46 , 20 
43032,Paseo del Moral León, 254 , 187 , 300 , 27 , 11 
43041,Parque Aztlan, 312 , 272 , 108 , 23 , 12 
43043,Atizapan, 290 , 231 , 287 , 44 , 18 
43044,Loma linda DT, 729 , 585 , 717 , 99 , 39 
43045,Periferico Polanco DT, 197 , 146 , 245 , 36 , 14 
43037,Apto Cozumel SUE, 136 , 132 , 97 , 20 , 10 
43038,Aeropuerto Tulum AMB, 104 , 107 , 115 , 20 , 8 
43039,Apto Tulum SUE Nacional PA, 79 , 118 , 107 , 14 , 7 
43047,Juarez Puebla II, 200 , 173 , 189 , 33 , 13 
43050,Galerias Uriangato DT, 471 , 496 , 353 , 125 , 53 
43042,Plaza Concordia DT, 686 , 607 , 539 , 92 , 41 
43055,Paseo de la República, 656 , 507 , 628 , 102 , 40 
43057,Ruiz Cortinez DT, 658 , 497 , 631 , 99 , 40 
43058,Casa de Gobierno DT, 588 , 520 , 476 , 134 , 49 
43046,Plaza Alada GDL, 193 , 183 , 192 , 12 , 7 
43059,La Providencia DT, 617 , 468 , 594 , 130 , 52 
43068,Galerias Metepec II, 575 , 516 , 364 , 109 , 41 
43051,Juan Gil Preciado DT, 749 , 685 , 690 , 130 , 56 
43054,Paseo Azahares DT, 221 , 184 , 230 , 27 , 12 
43069,Patio Acapulco, 326 , 242 , 345 , 95 , 35 
43056,Plaza de Hierro Navojoa DT, 347 , 308 , 284 , 47 , 23 
43070,Rojo Gomez DT, 610 , 551 , 503 , 145 , 55 
43071,Tecnologico Celaya , 531 , 515 , 474 , 101 , 39 
43074,Bugambilias Plaza Cuernavaca, 339 , 244 , 287 , 55 , 21 
43060,Landmark Tijuana BC, 258 , 204 , 189 , 17 , 11 
43063,Plaza Nogal León DT, 457 , 382 , 431 , 69 , 28 
43082,AIFA Salidas PTA 1, 243 , 284 , 291 , 33 , 15 
43083,AIFA Llegadas Internacional AMB, 166 , 184 , 190 , 25 , 10 
43084,Puerto Caoba, 326 , 273 , 291 , 58 , 22 
43100,Down Town Puebla, 196 , 185 , 202 , 28 , 12 
43105,Insurgentes Capital, 173 , 181 , 420 , 44 , 17 
43107,Pabellón Bosques, 230 , 190 , 363 , 16 , 7 
43076,Blvrd Costero, 629 , 570 , 549 , 119 , 52 
43111,Montevideo Insurgentes, 265 , 217 , 248 , 55 , 20 
43118,Juan Pablo II Morelia DT, 410 , 338 , 429 , 82 , 32 
43119,Aeropuerto Villahermosa SUE, 248 , 224 , 316 , 23 , 11 
43086,Punto 115 DT, 526 , 497 , 388 , 103 , 40 
43088,Explanada Culiacán DT, 188 , 212 , 247 , 25 , 13 
43089,López Mateos León DT, 380 , 287 , 351 , 60 , 24 
43092,Citadina Soledad SLP DT, 437 , 492 , 418 , 112 , 45 
43096,Miguel Aleman ll DT, 231 , 192 , 251 , 22 , 10 
43098,Los Mochis II, 523 , 493 , 541 , 80 , 35 
43123,Plaza Tlatelolco, 364 , 309 , 360 , 86 , 31 
43124,Parque Vertice, 433 , 374 , 431 , 116 , 44 
43106,Plaza Pacifico DT, 471 , 405 , 486 , 65 , 29 
43125,Portal Querétaro, 366 , 356 , 292 , 86 , 33 
43108,Apto. Reynosa AMB , 79 , 78 , 121 , 12 , 5 
43110,Punto Novel, 394 , 353 , 366 , 65 , 30 
43129,Outlet Puebla Premier, 346 , 332 , 212 , 69 , 25 
43113,Parques Gdl, 340 , 267 , 322 , 52 , 22 
43114,Garza Sada Ags, 279 , 266 , 306 , 49 , 22 
43115,Outlet San Marcos Ags, 462 , 386 , 386 , 84 , 34 
43130,Town Center Nicolás Romero, 399 , 403 , 282 , 77 , 31 
43132,Plaza Vista Norte, 272 , 267 , 241 , 45 , 17 
43122,Av. Americas II Guadalajara Dark Kitchen, 171 , 113 , 246 , 16 , 6 
43135,Epic Norponiente, 367 , 340 , 303 , 78 , 31 
43142,Montes Urales , 77 , 58 , 406 , 21 , 9 
43147,Juarez 70 , 226 , 229 , 311 , 62 , 22 
43148,Cordoba Palmas, 236 , 323 , 198 , 55 , 23 
43149,Ferroparque , 303 , 191 , 309 , 60 , 24 
43152,Samara Satélite, 257 , 209 , 233 , 36 , 15 
43133,Del Mar, 218 , 202 , 177 , 36 , 16 
43134,Cantamar, 130 , 135 , 124 , 13 , 7 
43155,Terrakia, 194 , 200 , 253 , 53 , 20 
43137,Paseo Akia Apatzingán, 356 , 399 , 278 , 71 , 31 
43138,Altaria II, 465 , 470 , 309 , 67 , 27 
43157,Paseo Tabasco II DT, 424 , 371 , 446 , 79 , 30 
43143,Hospital OCA, 213 , 143 , 250 , 32 , 14 
43145,Estacion Polanco , 390 , 321 , 382 , 85 , 33 
43146,Anah La Quinta, 127 , 125 , 127 , 14 , 5 
43162,Apto Toluca SUE, 245 , 215 , 352 , 12 , 10 
43163,Av. México Ixtapaluca, 427 , 419 , 360 , 127 , 49 
43151,Distrito Poniente DT , 346 , 263 , 330 , 28 , 15 
43164,Blvd Ojo de Agua DT, 729 , 675 , 620 , 219 , 87 
43154,Carretera MTY - Saltillo , 443 , 361 , 400 , 80 , 29 
